{
  "version": 1,
  "author": "Maisyaroh",
  "editor": "wokwi",
  "parts": [
    { "type": "wokwi-arduino-uno", "id": "uno", "top": 0.6, "left": -10.2, "attrs": {} },
    {
      "type": "wokwi-led",
      "id": "led1",
      "top": -80.4,
      "left": -178.6,
      "attrs": { "color": "red" }
    },
    {
      "type": "wokwi-led",
      "id": "led2",
      "top": -80.4,
      "left": -130.6,
      "attrs": { "color": "yellow" }
    },
    {
      "type": "wokwi-led",
      "id": "led3",
      "top": -80.4,
      "left": -82.6,
      "attrs": { "color": "green" }
    },
    {
      "type": "wokwi-resistor",
      "id": "r1",
      "top": 225.6,
      "left": -96.55,
      "rotate": 90,
      "attrs": { "value": "1000" }
    },
    {
      "type": "wokwi-resistor",
      "id": "r2",
      "top": 320.75,
      "left": 297.6,
      "attrs": { "value": "1000" }
    },
    {
      "type": "wokwi-resistor",
      "id": "r3",
      "top": 225.6,
      "left": -144.55,
      "rotate": 90,
      "attrs": { "value": "1000" }
    },
    {
      "type": "wokwi-resistor",
      "id": "r4",
      "top": 225.6,
      "left": -192.55,
      "rotate": 90,
      "attrs": { "value": "1000" }
    },
    {
      "type": "wokwi-pushbutton",
      "id": "btn1",
      "top": 236.6,
      "left": 336,
      "rotate": 90,
      "attrs": { "color": "green" }
    },
    {
      "type": "wokwi-7segment",
      "id": "sevseg1",
      "top": -128.58,
      "left": 326.96,
      "attrs": { "digits": "2", "colon": "", "common": "cathode" }
    }
  ],
  "connections": [
    [ "sevseg1:A", "uno:4", "green", [ "v-19.2", "h-124.8" ] ],
    [ "sevseg1:B", "uno:5", "#8f4814", [ "v-28.8", "h-163.2" ] ],
    [ "sevseg1:DIG1", "uno:11", "orange", [ "v-38.4", "h-249.6" ] ],
    [ "sevseg1:DIG2", "uno:12", "blue", [ "v-48", "h-268.8" ] ],
    [ "sevseg1:F", "uno:9", "violet", [ "v-57.6", "h-240" ] ],
    [ "sevseg1:C", "uno:6", "gray", [ "v37.56", "h-192" ] ],
    [ "sevseg1:E", "uno:8", "white", [ "v47.16", "h-201.6" ] ],
    [ "sevseg1:D", "uno:7", "purple", [ "v27.96", "h-201.6" ] ],
    [ "sevseg1:G", "uno:10", "yellow", [ "h0", "v18.36", "h-249.6" ] ],
    [ "btn1:1.l", "uno:3", "limegreen", [ "v-227.1", "h-159.7" ] ],
    [ "btn1:2.l", "uno:5V", "red", [ "v-15.9", "h-207.9" ] ],
    [ "btn1:2.r", "uno:5V", "red", [ "v13.1", "h-150.3" ] ],
    [ "btn1:1.r", "r2:2", "black", [ "v0" ] ],
    [ "uno:GND.2", "r2:1", "black", [ "v0" ] ],
    [ "led3:A", "uno:13", "green", [ "v28.8", "h172.8" ] ],
    [ "led2:A", "uno:1", "yellow", [ "v86.4", "h345.6" ] ],
    [ "led1:A", "uno:2", "magenta", [ "v96", "h384" ] ],
    [ "led3:C", "r1:1", "black", [ "v0" ] ],
    [ "r1:2", "uno:GND.2", "black", [ "h230.4", "v-1.2" ] ],
    [ "led2:C", "r3:1", "black", [ "v0" ] ],
    [ "r3:2", "uno:GND.2", "black", [ "h0", "v8.4", "h278.4" ] ],
    [ "r4:1", "led1:C", "black", [ "h0" ] ],
    [ "r4:2", "uno:GND.2", "black", [ "h0", "v18", "h326.4" ] ]
  ],
  "dependencies": {}
}