{
  "version": 1,
  "author": "Maisyaroh",
  "editor": "wokwi",
  "parts": [
    { "type": "wokwi-arduino-uno", "id": "uno", "top": 39, "left": 9, "attrs": {} },
    {
      "type": "wokwi-resistor",
      "id": "r1",
      "top": 320.75,
      "left": 172.8,
      "attrs": { "value": "1000" }
    },
    {
      "type": "wokwi-resistor",
      "id": "r2",
      "top": -43.2,
      "left": 95.45,
      "rotate": 90,
      "attrs": { "value": "1000" }
    },
    {
      "type": "wokwi-7segment",
      "id": "sevseg1",
      "top": -148.62,
      "left": 264.28,
      "attrs": { "common": "cathode" }
    },
    {
      "type": "wokwi-7segment",
      "id": "sevseg2",
      "top": -148.62,
      "left": 312.28,
      "attrs": { "common": "cathode" }
    },
    {
      "type": "wokwi-pushbutton",
      "id": "btn1",
      "top": 313.4,
      "left": 249.6,
      "attrs": { "color": "green" }
    },
    {
      "type": "wokwi-resistor",
      "id": "r3",
      "top": 272.75,
      "left": 268.8,
      "attrs": { "value": "1000" }
    }
  ],
  "connections": [
    [ "sevseg2:G", "uno:A1", "#8f4814", [ "v-27.96", "h57.6", "v422.4", "h-144" ] ],
    [ "sevseg2:F", "uno:A0", "green", [ "v-18.36", "h38.4", "v422.4", "h-144" ] ],
    [ "sevseg2:C", "uno:11", "orange", [ "v86.4", "h-192" ] ],
    [ "sevseg2:D", "uno:12", "green", [ "v76.8", "h-172.8" ] ],
    [ "sevseg2:E", "uno:13", "blue", [ "v67.2", "h-182.4" ] ],
    [ "sevseg1:C", "uno:4", "violet", [ "v115.2", "h-76.8" ] ],
    [ "sevseg1:D", "uno:5", "gray", [ "v105.6", "h-57.6" ] ],
    [ "sevseg1:E", "uno:6", "cyan", [ "v96", "h-57.6" ] ],
    [ "sevseg1:A", "uno:2", "yellow", [ "v-8.76", "h-48" ] ],
    [ "sevseg1:B", "uno:3", "#8f4814", [ "v-18.36", "h-67.2" ] ],
    [ "sevseg1:F", "uno:7", "magenta", [ "v-27.96", "h-67.2" ] ],
    [ "sevseg1:G", "uno:8", "gray", [ "v-37.56", "h-86.4" ] ],
    [ "sevseg2:A", "uno:9", "cyan", [ "v-47.16", "h-172.8" ] ],
    [ "sevseg2:B", "uno:10", "#8f4814", [ "v-56.76", "h-192" ] ],
    [ "uno:5V", "r1:1", "red", [ "v0" ] ],
    [ "r1:2", "btn1:1.l", "red", [ "v0" ] ],
    [ "btn1:2.l", "uno:A2", "yellow", [ "h0" ] ],
    [ "btn1:1.r", "uno:GND.2", "green", [ "v-28.8", "h-115" ] ],
    [ "sevseg2:COM.1", "r3:2", "black", [ "h0", "v355.2" ] ],
    [ "r3:1", "uno:GND.3", "black", [ "v0", "h-76.8" ] ],
    [ "sevseg1:COM.1", "r2:1", "black", [ "h0", "v19.2" ] ],
    [ "uno:GND.1", "r2:2", "black", [ "v0" ] ]
  ],
  "dependencies": {}
}