{
  "version": 1,
  "author": "Maisyaroh",
  "editor": "wokwi",
  "parts": [
    { "type": "wokwi-arduino-uno", "id": "uno", "top": 0, "left": 0, "attrs": {} },
    {
      "type": "wokwi-7segment",
      "id": "sevseg1",
      "top": -167.82,
      "left": 293.08,
      "attrs": { "common": "cathode" }
    },
    {
      "type": "wokwi-7segment",
      "id": "sevseg2",
      "top": -167.82,
      "left": 341.08,
      "attrs": { "common": "cathode" }
    },
    {
      "type": "wokwi-resistor",
      "id": "r10",
      "top": -82.45,
      "left": 67.2,
      "attrs": { "value": "1000" }
    },
    {
      "type": "wokwi-resistor",
      "id": "r11",
      "top": 253.55,
      "left": 192,
      "attrs": { "value": "1000" }
    }
  ],
  "connections": [
    [ "sevseg1:COM.1", "r10:2", "black", [ "h0", "v19.2" ] ],
    [ "r10:1", "uno:GND.1", "black", [ "v76.8", "h48" ] ],
    [ "sevseg2:COM.1", "r11:2", "black", [ "h0", "v355.2" ] ],
    [ "uno:GND.2", "r11:1", "black", [ "v0" ] ],
    [ "sevseg2:E", "uno:13", "violet", [ "v38.4", "h-230.4" ] ],
    [ "sevseg2:D", "uno:12", "blue", [ "v48", "h-220.8" ] ],
    [ "sevseg2:C", "uno:11", "#8f4814", [ "v57.6", "h-230.4" ] ],
    [ "sevseg1:C", "uno:4", "cyan", [ "v86.4", "h-105.6" ] ],
    [ "sevseg1:D", "uno:5", "yellow", [ "v76.8", "h-96" ] ],
    [ "sevseg1:E", "uno:6", "purple", [ "v67.2", "h-96" ] ],
    [ "sevseg2:A", "uno:9", "violet", [ "v-8.76", "h-201.6" ] ],
    [ "sevseg2:B", "uno:10", "gray", [ "v-18.36", "h-230.4" ] ],
    [ "sevseg2:G", "uno:A1", "green", [ "v-27.96", "h48", "v403.2", "h-172.8" ] ],
    [ "sevseg2:F", "uno:A0", "blue", [ "v-37.56", "h48", "v422.4", "h-192" ] ],
    [ "sevseg1:B", "uno:3", "orange", [ "v-27.96", "h-96" ] ],
    [ "sevseg1:A", "uno:2", "gold", [ "v-37.56", "h-86.4" ] ],
    [ "sevseg1:F", "uno:7", "cyan", [ "v-47.16", "h-105.6" ] ],
    [ "sevseg1:G", "uno:8", "gold", [ "v-56.76", "h-115.2" ] ]
  ],
  "dependencies": {}
}