{
  "version": 1,
  "author": "Maisyaroh",
  "editor": "wokwi",
  "parts": [
    { "type": "wokwi-arduino-uno", "id": "uno", "top": 0.6, "left": -0.6, "attrs": {} },
    {
      "type": "wokwi-7segment",
      "id": "sevseg1",
      "top": -167.82,
      "left": 158.68,
      "attrs": { "common": "cathode" }
    },
    {
      "type": "wokwi-resistor",
      "id": "r1",
      "top": -236.05,
      "left": 28.8,
      "attrs": { "value": "1000" }
    }
  ],
  "connections": [
    [ "uno:1", "sevseg1:A", "violet", [ "v-191.4", "h-73.2" ] ],
    [ "uno:2", "sevseg1:B", "gray", [ "v-181.8", "h-54.1" ] ],
    [ "uno:3", "sevseg1:C", "purple", [ "v-95.4", "h-54.2" ] ],
    [ "uno:4", "sevseg1:D", "cyan", [ "v-85.8", "h-63.9" ] ],
    [ "uno:5", "sevseg1:E", "orange", [ "v-76.2", "h-64" ] ],
    [ "uno:GND.1", "r1:1", "black", [ "v-19.2", "h-76.5" ] ],
    [ "r1:2", "sevseg1:COM.1", "yellow", [ "v0", "h181.2", "v172.8", "h-105.6" ] ],
    [ "sevseg1:COM.2", "r1:2", "blue", [ "h0", "v-66.36" ] ],
    [ "uno:7", "sevseg1:G", "#8f4814", [ "v-28.8", "h-92.4", "v-163.2", "h48" ] ],
    [ "uno:6", "sevseg1:F", "green", [ "v-38.4", "h-92.3", "v-163.2", "h48" ] ]
  ],
  "dependencies": {}
}